{
  "cde725ee-0d13-43c9-ba5a-04cb075082de": {
    "model_weights_path": "/content/study/cde725ee-0d13-43c9-ba5a-04cb075082de_weights_model.pth",
    "complete_model_path": "/content/study/cde725ee-0d13-43c9-ba5a-04cb075082de_complete_model.pth",
    "model_name": "ResNet50",
    "num_epocs": 4,
    "transformation": "transforms.Resize(size=(299, 299))",
    "training": {
      "train_0": {
        "train_loss": 0.3686701553427567,
        "epoch_acc": 0.9336
      },
      "test_0": {
        "test_loss": 0.0038304630466109942,
        "epoch_acc": 1
      },
      "train_1": {
        "train_loss": 0.005205006221382912,
        "epoch_acc": 0.9996
      },
      "test_1": {
        "test_loss": 0.00142371916222746,
        "epoch_acc": 1
      },
      "train_2": {
        "train_loss": 0.0021716676851663962,
        "epoch_acc": 0.9999
      },
      "test_2": {
        "test_loss": 0.0009048188369011922,
        "epoch_acc": 1
      },
      "train_3": {
        "train_loss": 0.0015409388416982167,
        "epoch_acc": 0.9999
      },
      "test_3": {
        "test_loss": 0.000464046152068579,
        "epoch_acc": 1
      }
    }
  }
}